<?xml version="1.0" encoding="UTF-8"?><?xml-stylesheet type='text/xsl' href='_UpgradeReport_Files/UpgradeReport.xslt'?><UpgradeLog>
<Properties><Property Name="Solution" Value="凸包问题">
</Property><Property Name="解决方案文件" Value="C:\Users\dell\Downloads\用C＃编写的凸包算法\凸包问题\凸包问题.sln">
</Property><Property Name="Date" Value="2014年4月20日">
</Property><Property Name="Time" Value="21:08:18">
</Property></Properties><Event ErrorLevel="0" Project="凸包问题" Source="凸包问题.csproj" Description="项目文件已成功备份为 C:\Users\dell\Downloads\用C＃编写的凸包算法\凸包问题\Backup\凸包问题.csproj">
</Event><Event ErrorLevel="0" Project="凸包问题" Source="Form1.cs" Description="文件已成功备份为 C:\Users\dell\Downloads\用C＃编写的凸包算法\凸包问题\Backup\Form1.cs">
</Event><Event ErrorLevel="0" Project="凸包问题" Source="Form1.Designer.cs" Description="文件已成功备份为 C:\Users\dell\Downloads\用C＃编写的凸包算法\凸包问题\Backup\Form1.Designer.cs">
</Event><Event ErrorLevel="0" Project="凸包问题" Source="Program.cs" Description="文件已成功备份为 C:\Users\dell\Downloads\用C＃编写的凸包算法\凸包问题\Backup\Program.cs">
</Event><Event ErrorLevel="0" Project="凸包问题" Source="Properties\AssemblyInfo.cs" Description="文件已成功备份为 C:\Users\dell\Downloads\用C＃编写的凸包算法\凸包问题\Backup\Properties\AssemblyInfo.cs">
</Event><Event ErrorLevel="0" Project="凸包问题" Source="Properties\Resources.Designer.cs" Description="文件已成功备份为 C:\Users\dell\Downloads\用C＃编写的凸包算法\凸包问题\Backup\Properties\Resources.Designer.cs">
</Event><Event ErrorLevel="0" Project="凸包问题" Source="Properties\Settings.Designer.cs" Description="文件已成功备份为 C:\Users\dell\Downloads\用C＃编写的凸包算法\凸包问题\Backup\Properties\Settings.Designer.cs">
</Event><Event ErrorLevel="0" Project="凸包问题" Source="TuLine.cs" Description="文件已成功备份为 C:\Users\dell\Downloads\用C＃编写的凸包算法\凸包问题\Backup\TuLine.cs">
</Event><Event ErrorLevel="0" Project="凸包问题" Source="Properties\Settings.settings" Description="文件已成功备份为 C:\Users\dell\Downloads\用C＃编写的凸包算法\凸包问题\Backup\Properties\Settings.settings">
</Event><Event ErrorLevel="0" Project="凸包问题" Source="Form1.resx" Description="文件已成功备份为 C:\Users\dell\Downloads\用C＃编写的凸包算法\凸包问题\Backup\Form1.resx">
</Event><Event ErrorLevel="0" Project="凸包问题" Source="Properties\Resources.resx" Description="文件已成功备份为 C:\Users\dell\Downloads\用C＃编写的凸包算法\凸包问题\Backup\Properties\Resources.resx">
</Event><Event ErrorLevel="0" Project="凸包问题" Source="凸包问题.csproj" Description="项目已成功转换">
</Event><Event ErrorLevel="3" Project="凸包问题" Source="凸包问题.csproj" Description="Converted">
</Event><Event ErrorLevel="0" Project="凸包问题" Source="凸包问题.csproj" Description="扫描完成: 项目文件不需要升级。">
</Event></UpgradeLog>